"file","role","risk_level","issue_types","evidence","recommended_action","migration_phase","remediation_owner"
"pos-tauri\ARCHITECTURE.md","support","low","none","see Audit Report","retain","phase-2","pos-tauri-core"
"pos-tauri\docs\security-native-migration\AUDIT_REPORT.md","support","low","none","see Audit Report","retain","phase-2","pos-tauri-core"
"pos-tauri\docs\security-native-migration\EXECUTION_BACKLOG.md","support","low","none","see Audit Report","retain","phase-2","pos-tauri-core"
"pos-tauri\docs\security-native-migration\NATIVE_MIGRATION_RFC.md","support","low","none","see Audit Report","retain","phase-2","pos-tauri-core"
"pos-tauri\docs\security-native-migration\README.md","support","low","none","see Audit Report","retain","phase-2","pos-tauri-core"
"pos-tauri\docs\security-native-migration\SECURITY_VERIFICATION_PACK.md","support","low","none","see Audit Report","retain","phase-2","pos-tauri-core"
"pos-tauri\index.html","support","low","none","see Audit Report","retain","phase-2","pos-tauri-core"
"pos-tauri\package-lock.json","support","low","none","see Audit Report","retain","phase-2","pos-tauri-core"
"pos-tauri\package.json","support","low","none","see Audit Report","retain","phase-2","pos-tauri-core"
"pos-tauri\PARITY_CHECKLIST.md","support","low","none","see Audit Report","retain","phase-2","pos-tauri-core"
"pos-tauri\PARITY_GATES.md","support","low","none","see Audit Report","retain","phase-2","pos-tauri-core"
"pos-tauri\PHASE2_NOTES.md","support","low","none","see Audit Report","retain","phase-2","pos-tauri-core"
"pos-tauri\PHASE4_NOTES.md","support","low","none","see Audit Report","retain","phase-2","pos-tauri-core"
"pos-tauri\PHASE8_COMPLETE.md","support","low","none","see Audit Report","retain","phase-2","pos-tauri-core"
"pos-tauri\PHASE8_SUMMARY.md","support","low","none","see Audit Report","retain","phase-2","pos-tauri-core"
"pos-tauri\postcss.config.js","support","low","none","see Audit Report","retain","phase-2","pos-tauri-core"
"pos-tauri\README.md","support","low","none","see Audit Report","retain","phase-2","pos-tauri-core"
"pos-tauri\RELEASE.md","support","low","none","see Audit Report","retain","phase-2","pos-tauri-core"
"pos-tauri\scripts\check-dev-port.mjs","support","low","none","see Audit Report","retain","phase-2","pos-tauri-core"
"pos-tauri\scripts\check-parity-contract.mjs","support","low","parity_gate_parser_hardening","updated command parser for module-scoped generate_handler registrations and full-source #[tauri::command] discovery; optional legacy channel gating split from required parity failures","refactor","phase-5","pos-tauri-core"
"pos-tauri\scripts\generate-updater-manifest.mjs","support","low","none","see Audit Report","retain","phase-2","pos-tauri-core"
"pos-tauri\scripts\smoke-test.ps1","support","low","none","see Audit Report","retain","phase-2","pos-tauri-core"
"pos-tauri\scripts\tauri-smoke.mjs","support","low","none","see Audit Report","retain","phase-2","pos-tauri-core"
"pos-tauri\scripts\verify-diagnostics.mjs","support","low","none","see Audit Report","retain","phase-2","pos-tauri-core"
"pos-tauri\scripts\verify-rust.ps1","support","low","none","see Audit Report","retain","phase-2","pos-tauri-core"
"pos-tauri\scripts\verify-rust.sh","support","low","none","see Audit Report","retain","phase-2","pos-tauri-core"
"pos-tauri\src-tauri\build.rs","support","low","none","see Audit Report","retain","phase-2","pos-tauri-core"
"pos-tauri\src-tauri\capabilities\default.json","support","medium","capability_hardening","removed broad plugin grants and added explicit deny rules for renderer-side event emit + updater invoke surfaces","refactor","phase-5","pos-tauri-core"
"pos-tauri\src-tauri\Cargo.lock","support","low","none","see Audit Report","retain","phase-2","pos-tauri-core"
"pos-tauri\src-tauri\Cargo.toml","support","low","unused_plugin_dependencies_removed","removed unused shell/dialog/notification/clipboard/process plugin crates from runtime dependency surface","refactor","phase-5","pos-tauri-core"
"pos-tauri\src-tauri\icons\128x128.png","support","low","none","see Audit Report","retain","phase-2","pos-tauri-core"
"pos-tauri\src-tauri\icons\128x128@2x.png","support","low","none","see Audit Report","retain","phase-2","pos-tauri-core"
"pos-tauri\src-tauri\icons\32x32.png","support","low","none","see Audit Report","retain","phase-2","pos-tauri-core"
"pos-tauri\src-tauri\icons\icon.icns","support","low","none","see Audit Report","retain","phase-2","pos-tauri-core"
"pos-tauri\src-tauri\icons\icon.ico","support","low","none","see Audit Report","retain","phase-2","pos-tauri-core"
"pos-tauri\src-tauri\src\api.rs","support","low","none","see Audit Report","retain","phase-2","pos-tauri-core"
"pos-tauri\\src-tauri\\src\\auth.rs","rust-backend","high","lockout_persistence","see Audit Report","refactor","phase-1","pos-tauri-core"
"pos-tauri\src-tauri\src\db.rs","support","low","none","see Audit Report","retain","phase-2","pos-tauri-core"
"pos-tauri\src-tauri\src\diagnostics.rs","support","low","none","see Audit Report","retain","phase-2","pos-tauri-core"
"pos-tauri\src-tauri\src\commands\diagnostics.rs","support","medium","diagnostics_export_open_dir_policy","added app-data-bound diagnostics export directory open command with canonical path validation and native OS folder open","refactor","phase-5","pos-tauri-core"
"pos-tauri\src-tauri\src\commands\menu.rs","support","medium","renderer_polling_orchestration_migrated","added native menu-version monitor loop emitting `menu_version_checked` and `menu_sync` events from Rust background worker","refactor","phase-5","pos-tauri-core"
"pos-tauri\src-tauri\src\drawer.rs","support","low","none","see Audit Report","retain","phase-2","pos-tauri-core"
"pos-tauri\src-tauri\src\escpos.rs","support","low","none","see Audit Report","retain","phase-2","pos-tauri-core"
"pos-tauri\\src-tauri\\src\\lib.rs","rust-backend","high","secret_mirroring_command_surface;background_worker_bootstrap","app bootstrap now starts native menu-version monitor worker alongside sync/print/health monitors","refactor","phase-5","pos-tauri-core"
"pos-tauri\src-tauri\src\main.rs","support","low","none","see Audit Report","retain","phase-2","pos-tauri-core"
"pos-tauri\src-tauri\src\menu.rs","support","low","none","see Audit Report","retain","phase-2","pos-tauri-core"
"pos-tauri\\src-tauri\\src\\payments.rs","rust-backend","critical","stored_xss","see Audit Report","refactor","phase-1","pos-tauri-core"
"pos-tauri\src-tauri\src\print.rs","support","low","none","see Audit Report","retain","phase-2","pos-tauri-core"
"pos-tauri\\src-tauri\\src\\printers.rs","rust-backend","critical","command_injection_surface","see Audit Report","refactor","phase-1","pos-tauri-core"
"pos-tauri\src-tauri\src\refunds.rs","support","low","none","see Audit Report","retain","phase-2","pos-tauri-core"
"pos-tauri\src-tauri\src\shifts.rs","support","low","none","see Audit Report","retain","phase-2","pos-tauri-core"
"pos-tauri\src-tauri\src\storage.rs","support","low","none","see Audit Report","retain","phase-2","pos-tauri-core"
"pos-tauri\src-tauri\src\sync.rs","support","low","none","see Audit Report","retain","phase-2","pos-tauri-core"
"pos-tauri\src-tauri\src\zreport.rs","support","low","none","see Audit Report","retain","phase-2","pos-tauri-core"
"pos-tauri\src-tauri\tauri.conf.json","support","low","plugin_surface_reduction","removed shell plugin open config after migrating diagnostics folder open to native command path","refactor","phase-5","pos-tauri-core"
"pos-tauri\src\App.tsx","support","low","none","see Audit Report","retain","phase-2","pos-tauri-core"
"pos-tauri\src\config\environment.ts","support","low","none","see Audit Report","retain","phase-2","pos-tauri-core"
"pos-tauri\src\config\payment-config.ts","support","low","none","see Audit Report","retain","phase-2","pos-tauri-core"
"pos-tauri\src\css.d.ts","support","low","none","see Audit Report","retain","phase-2","pos-tauri-core"
"pos-tauri\src\index.css","support","low","none","see Audit Report","retain","phase-2","pos-tauri-core"
"pos-tauri\src\lib\electron-compat.ts","decommissioned","low","native_only_cutover","deleted in native-only runtime cutover","delete","phase-8","pos-tauri-core"
"pos-tauri\src\lib\event-bridge.ts","support","low","event_contract_extension","added `menu_version_checked` -> `menu:version-checked` mapping for native menu monitor events","refactor","phase-5","pos-tauri-core"
"pos-tauri\src\lib\i18n.ts","support","low","none","see Audit Report","retain","phase-2","pos-tauri-core"
"pos-tauri\src\lib\index.ts","support","low","none","see Audit Report","retain","phase-2","pos-tauri-core"
"pos-tauri\src\lib\ipc-contracts.ts","support","low","typed_diagnostics_contract","added typed diagnostics export-directory response contract for bridge migration","refactor","phase-5","pos-tauri-core"
"pos-tauri\src\lib\ipc-adapter.ts","support","low","typed_diagnostics_open_export_dir","added typed diagnostics open-export-dir bridge mapping and namespace method","refactor","phase-5","pos-tauri-core"
"pos-tauri\src\lib\platform-detect.ts","support","low","none","see Audit Report","retain","phase-2","pos-tauri-core"
"pos-tauri\src\locales\el.json","support","low","none","see Audit Report","retain","phase-2","pos-tauri-core"
"pos-tauri\src\locales\en.json","support","low","none","see Audit Report","retain","phase-2","pos-tauri-core"
"pos-tauri\src\main.tsx","support","low","none","see Audit Report","retain","phase-2","pos-tauri-core"
"pos-tauri\src\main\database.ts","support","low","none","see Audit Report","retain","phase-2","pos-tauri-core"
"pos-tauri\src\preload\index.ts","decommissioned","low","native_only_cutover","deleted in native-only runtime cutover","delete","phase-8","pos-tauri-core"
"pos-tauri\\src\\preload\\ipc-security.ts","decommissioned","medium","native_only_cutover","deleted with preload removal; replaced by native runtime guard scripts","delete","phase-8","pos-tauri-core"
"pos-tauri\src\renderer\App.tsx","support","low","none","see Audit Report","retain","phase-2","pos-tauri-core"
"pos-tauri\src\renderer\assets\logo-black.png","support","low","none","see Audit Report","retain","phase-2","pos-tauri-core"
"pos-tauri\src\renderer\assets\logo-white.png","support","low","none","see Audit Report","retain","phase-2","pos-tauri-core"
"pos-tauri\src\renderer\assets\plugins\airbnb.png","support","low","none","see Audit Report","retain","phase-2","pos-tauri-core"
"pos-tauri\src\renderer\assets\plugins\booking.png","support","low","none","see Audit Report","retain","phase-2","pos-tauri-core"
"pos-tauri\src\renderer\assets\plugins\box.jpg","support","low","none","see Audit Report","retain","phase-2","pos-tauri-core"
"pos-tauri\src\renderer\assets\plugins\box.png","support","low","none","see Audit Report","retain","phase-2","pos-tauri-core"
"pos-tauri\src\renderer\assets\plugins\efood.png","support","low","none","see Audit Report","retain","phase-2","pos-tauri-core"
"pos-tauri\src\renderer\assets\plugins\expedia.png","support","low","none","see Audit Report","retain","phase-2","pos-tauri-core"
"pos-tauri\src\renderer\assets\plugins\google_analytics.png","support","low","none","see Audit Report","retain","phase-2","pos-tauri-core"
"pos-tauri\src\renderer\assets\plugins\mydata.jpg","support","low","none","see Audit Report","retain","phase-2","pos-tauri-core"
"pos-tauri\src\renderer\assets\plugins\shopify.png","support","low","none","see Audit Report","retain","phase-2","pos-tauri-core"
"pos-tauri\src\renderer\assets\plugins\stripe.png","support","low","none","see Audit Report","retain","phase-2","pos-tauri-core"
"pos-tauri\src\renderer\assets\plugins\tripadvisor.png","support","low","none","see Audit Report","retain","phase-2","pos-tauri-core"
"pos-tauri\src\renderer\assets\plugins\uber_eats.png","support","low","none","see Audit Report","retain","phase-2","pos-tauri-core"
"pos-tauri\src\renderer\assets\plugins\viva.png","support","low","none","see Audit Report","retain","phase-2","pos-tauri-core"
"pos-tauri\src\renderer\assets\plugins\wolt.jpg","support","low","none","see Audit Report","retain","phase-2","pos-tauri-core"
"pos-tauri\src\renderer\assets\plugins\wolt.png","support","low","none","see Audit Report","retain","phase-2","pos-tauri-core"
"pos-tauri\src\renderer\assets\plugins\woocommerce.png","support","low","none","see Audit Report","retain","phase-2","pos-tauri-core"
"pos-tauri\src\renderer\components\AnimatedBackground.tsx","support","low","none","see Audit Report","retain","phase-2","pos-tauri-core"
"pos-tauri\src\renderer\components\auth\PINLoginModal.tsx","support","low","none","see Audit Report","retain","phase-2","pos-tauri-core"
"pos-tauri\src\renderer\components\BulkActionsBar.tsx","support","low","none","see Audit Report","retain","phase-2","pos-tauri-core"
"pos-tauri\src\renderer\components\common\LoadingSpinner.tsx","support","low","none","see Audit Report","retain","phase-2","pos-tauri-core"
"pos-tauri\src\renderer\components\CustomerInfoForm.tsx","support","low","none","see Audit Report","retain","phase-2","pos-tauri-core"
"pos-tauri\src\renderer\components\CustomTitleBar.tsx","support","low","none","see Audit Report","retain","phase-2","pos-tauri-core"
"pos-tauri\src\renderer\components\DashboardCard.tsx","support","low","none","see Audit Report","retain","phase-2","pos-tauri-core"
"pos-tauri\src\renderer\components\dashboards\BusinessCategoryDashboard.tsx","support","low","none","see Audit Report","retain","phase-2","pos-tauri-core"
"pos-tauri\src\renderer\components\dashboards\FoodDashboard.tsx","support","low","none","see Audit Report","retain","phase-2","pos-tauri-core"
"pos-tauri\src\renderer\components\dashboards\index.ts","support","low","none","see Audit Report","retain","phase-2","pos-tauri-core"
"pos-tauri\src\renderer\components\dashboards\ProductDashboard.tsx","support","low","none","see Audit Report","retain","phase-2","pos-tauri-core"
"pos-tauri\src\renderer\components\dashboards\ServiceDashboard.tsx","support","low","none","see Audit Report","retain","phase-2","pos-tauri-core"
"pos-tauri\src\renderer\components\delivery\DeliveryValidationComponent.tsx","support","low","none","see Audit Report","retain","phase-2","pos-tauri-core"
"pos-tauri\src\renderer\components\delivery\ZoneValidationAlert.tsx","support","low","none","see Audit Report","retain","phase-2","pos-tauri-core"
"pos-tauri\src\renderer\components\DriverDiagnostic.tsx","support","low","none","see Audit Report","retain","phase-2","pos-tauri-core"
"pos-tauri\src\renderer\components\ecr\index.ts","support","low","none","see Audit Report","retain","phase-2","pos-tauri-core"
"pos-tauri\src\renderer\components\ecr\PaymentDialog.tsx","support","low","none","see Audit Report","retain","phase-2","pos-tauri-core"
"pos-tauri\src\renderer\components\ecr\PaymentTerminalsSection.tsx","support","low","none","see Audit Report","retain","phase-2","pos-tauri-core"
"pos-tauri\src\renderer\components\ecr\TerminalCard.tsx","support","low","none","see Audit Report","retain","phase-2","pos-tauri-core"
"pos-tauri\src\renderer\components\ecr\TerminalCardCompact.tsx","support","low","none","see Audit Report","retain","phase-2","pos-tauri-core"
"pos-tauri\src\renderer\components\ecr\TerminalConfigModal.tsx","support","low","none","see Audit Report","retain","phase-2","pos-tauri-core"
"pos-tauri\src\renderer\components\ecr\TerminalDiscoveryModal.tsx","support","low","none","see Audit Report","retain","phase-2","pos-tauri-core"
"pos-tauri\src\renderer\components\ecr\TerminalStatusIndicator.tsx","support","low","none","see Audit Report","retain","phase-2","pos-tauri-core"
"pos-tauri\src\renderer\components\error\ErrorBoundary.tsx","support","low","none","see Audit Report","retain","phase-2","pos-tauri-core"
"pos-tauri\src\renderer\components\error\ErrorDisplay.tsx","support","low","none","see Audit Report","retain","phase-2","pos-tauri-core"
"pos-tauri\src\renderer\components\error\index.ts","support","low","none","see Audit Report","retain","phase-2","pos-tauri-core"
"pos-tauri\src\renderer\components\FinancialSyncPanel.tsx","support","low","none","see Audit Report","retain","phase-2","pos-tauri-core"
"pos-tauri\src\renderer\components\forms\AddressSelectionCard.tsx","support","low","none","see Audit Report","retain","phase-2","pos-tauri-core"
"pos-tauri\src\renderer\components\forms\CustomerDetailsForm.tsx","support","low","none","see Audit Report","retain","phase-2","pos-tauri-core"
"pos-tauri\src\renderer\components\forms\OrderTypeSelector.tsx","support","low","none","see Audit Report","retain","phase-2","pos-tauri-core"
"pos-tauri\src\renderer\components\FullscreenAwareLayout.tsx","support","low","none","see Audit Report","retain","phase-2","pos-tauri-core"
"pos-tauri\src\renderer\components\index.ts","support","low","none","see Audit Report","retain","phase-2","pos-tauri-core"
"pos-tauri\src\renderer\components\menu\CartSummary.tsx","support","low","none","see Audit Report","retain","phase-2","pos-tauri-core"
"pos-tauri\src\renderer\components\menu\ComboCard.tsx","support","low","none","see Audit Report","retain","phase-2","pos-tauri-core"
"pos-tauri\src\renderer\components\menu\ComboChoiceModal.tsx","support","low","none","see Audit Report","retain","phase-2","pos-tauri-core"
"pos-tauri\src\renderer\components\menu\index.ts","support","low","none","see Audit Report","retain","phase-2","pos-tauri-core"
"pos-tauri\src\renderer\components\menu\MenuCart.tsx","support","low","none","see Audit Report","retain","phase-2","pos-tauri-core"
"pos-tauri\src\renderer\components\menu\MenuCategoryTabs.tsx","support","low","none","see Audit Report","retain","phase-2","pos-tauri-core"
"pos-tauri\src\renderer\components\menu\MenuGrid.tsx","support","low","none","see Audit Report","retain","phase-2","pos-tauri-core"
"pos-tauri\src\renderer\components\menu\MenuItemCard.tsx","support","low","none","see Audit Report","retain","phase-2","pos-tauri-core"
"pos-tauri\src\renderer\components\menu\MenuItemGrid.tsx","support","low","none","see Audit Report","retain","phase-2","pos-tauri-core"
"pos-tauri\src\renderer\components\menu\MenuItemModal.tsx","support","low","none","see Audit Report","retain","phase-2","pos-tauri-core"
"pos-tauri\src\renderer\components\modals\AddCustomerModal.tsx","support","low","none","see Audit Report","retain","phase-2","pos-tauri-core"
"pos-tauri\src\renderer\components\modals\AddNewAddressModal.tsx","support","low","none","see Audit Report","retain","phase-2","pos-tauri-core"
"pos-tauri\\src\\renderer\\components\\modals\\ConnectionSettingsModal.tsx","renderer","high","legacy_plaintext_pin","see Audit Report","refactor","phase-1","pos-tauri-core"
"pos-tauri\src\renderer\components\modals\CustomerInfoModal.tsx","support","low","none","see Audit Report","retain","phase-2","pos-tauri-core"
"pos-tauri\src\renderer\components\modals\CustomerOrderHistoryModal.tsx","support","low","none","see Audit Report","retain","phase-2","pos-tauri-core"
"pos-tauri\src\renderer\components\modals\CustomerSearchModal.tsx","support","low","none","see Audit Report","retain","phase-2","pos-tauri-core"
"pos-tauri\src\renderer\components\modals\DriverAssignmentModal.tsx","support","low","none","see Audit Report","retain","phase-2","pos-tauri-core"
"pos-tauri\src\renderer\components\modals\EditAddressModal.tsx","support","low","none","see Audit Report","retain","phase-2","pos-tauri-core"
"pos-tauri\src\renderer\components\modals\EditCustomerInfoModal.tsx","support","low","none","see Audit Report","retain","phase-2","pos-tauri-core"
"pos-tauri\src\renderer\components\modals\EditOptionsModal.tsx","support","low","none","see Audit Report","retain","phase-2","pos-tauri-core"
"pos-tauri\src\renderer\components\modals\EditOrderItemsModal.tsx","support","low","none","see Audit Report","retain","phase-2","pos-tauri-core"
"pos-tauri\src\renderer\components\modals\ExpenseModal.tsx","support","low","none","see Audit Report","retain","phase-2","pos-tauri-core"
"pos-tauri\src\renderer\components\modals\MenuModal.tsx","support","low","none","see Audit Report","retain","phase-2","pos-tauri-core"
"pos-tauri\src\renderer\components\modals\OrderCancellationModal.tsx","support","low","none","see Audit Report","retain","phase-2","pos-tauri-core"
"pos-tauri\src\renderer\components\modals\OrderDetailsModal.tsx","support","low","none","see Audit Report","retain","phase-2","pos-tauri-core"
"pos-tauri\src\renderer\components\modals\PaymentModal.tsx","support","low","none","see Audit Report","retain","phase-2","pos-tauri-core"
"pos-tauri\src\renderer\components\modals\PrinterSettingsModal.tsx","support","low","none","see Audit Report","retain","phase-2","pos-tauri-core"
"pos-tauri\src\renderer\components\modals\PrintPreviewModal.tsx","support","low","none","see Audit Report","retain","phase-2","pos-tauri-core"
"pos-tauri\src\renderer\components\modals\ProductCatalogModal.tsx","support","low","none","see Audit Report","retain","phase-2","pos-tauri-core"
"pos-tauri\src\renderer\components\modals\RefundVoidModal.tsx","support","low","none","see Audit Report","retain","phase-2","pos-tauri-core"
"pos-tauri\src\renderer\components\modals\StaffShiftModal.tsx","support","low","none","see Audit Report","retain","phase-2","pos-tauri-core"
"pos-tauri\src\renderer\components\modals\UpgradePromptModal.tsx","support","low","none","see Audit Report","retain","phase-2","pos-tauri-core"
"pos-tauri\src\renderer\components\modals\ZReportModal.tsx","support","low","none","see Audit Report","retain","phase-2","pos-tauri-core"
"pos-tauri\src\renderer\components\modules\index.ts","support","low","none","see Audit Report","retain","phase-2","pos-tauri-core"
"pos-tauri\src\renderer\components\modules\LockedFeatureScreen.tsx","support","low","none","see Audit Report","retain","phase-2","pos-tauri-core"
"pos-tauri\src\renderer\components\modules\ModuleUpsellCard.tsx","support","low","none","see Audit Report","retain","phase-2","pos-tauri-core"
"pos-tauri\src\renderer\components\modules\TrialModulePrompt.tsx","support","low","none","see Audit Report","retain","phase-2","pos-tauri-core"
"pos-tauri\src\renderer\components\NavigationSidebar.tsx","support","low","none","see Audit Report","retain","phase-2","pos-tauri-core"
"pos-tauri\src\renderer\components\order\OrderActions.tsx","support","low","none","see Audit Report","retain","phase-2","pos-tauri-core"
"pos-tauri\src\renderer\components\order\OrderApprovalPanel.tsx","support","low","none","see Audit Report","retain","phase-2","pos-tauri-core"
"pos-tauri\src\renderer\components\order\OrderCard.tsx","support","low","none","see Audit Report","retain","phase-2","pos-tauri-core"
"pos-tauri\src\renderer\components\order\OrderRoutingBadge.tsx","support","low","none","see Audit Report","retain","phase-2","pos-tauri-core"
"pos-tauri\src\renderer\components\order\OrderStatusControls.tsx","support","low","none","see Audit Report","retain","phase-2","pos-tauri-core"
"pos-tauri\src\renderer\components\OrderConflictBanner.tsx","support","low","none","see Audit Report","retain","phase-2","pos-tauri-core"
"pos-tauri\src\renderer\components\OrderDashboard.tsx","support","low","none","see Audit Report","retain","phase-2","pos-tauri-core"
"pos-tauri\src\renderer\components\OrderFlow.tsx","support","low","none","see Audit Report","retain","phase-2","pos-tauri-core"
"pos-tauri\src\renderer\components\OrderGrid.tsx","support","low","none","see Audit Report","retain","phase-2","pos-tauri-core"
"pos-tauri\src\renderer\components\OrderModals.tsx","support","low","none","see Audit Report","retain","phase-2","pos-tauri-core"
"pos-tauri\src\renderer\components\OrderSyncRouteIndicator.tsx","support","low","none","see Audit Report","retain","phase-2","pos-tauri-core"
"pos-tauri\src\renderer\components\OrderTabsBar.tsx","support","low","none","see Audit Report","retain","phase-2","pos-tauri-core"
"pos-tauri\src\renderer\components\pricing\SimplePricingModal.tsx","support","low","none","see Audit Report","retain","phase-2","pos-tauri-core"
"pos-tauri\src\renderer\components\RefactoredMainLayout.tsx","support","low","none","see Audit Report","retain","phase-2","pos-tauri-core"
"pos-tauri\src\renderer\components\reports\ReportCharts.tsx","support","low","none","see Audit Report","retain","phase-2","pos-tauri-core"
"pos-tauri\src\renderer\components\ShiftManager.tsx","support","low","none","see Audit Report","retain","phase-2","pos-tauri-core"
"pos-tauri\src\renderer\components\skeletons\index.ts","support","low","none","see Audit Report","retain","phase-2","pos-tauri-core"
"pos-tauri\src\renderer\components\skeletons\MenuPageSkeleton.tsx","support","low","none","see Audit Report","retain","phase-2","pos-tauri-core"
"pos-tauri\src\renderer\components\skeletons\NewOrderPageSkeleton.tsx","support","low","none","see Audit Report","retain","phase-2","pos-tauri-core"
"pos-tauri\src\renderer\components\skeletons\OrderDashboardSkeleton.tsx","support","low","none","see Audit Report","retain","phase-2","pos-tauri-core"
"pos-tauri\src\renderer\components\SyncNotificationManager.tsx","support","low","none","see Audit Report","retain","phase-2","pos-tauri-core"
"pos-tauri\src\renderer\components\SyncStatusIndicator.tsx","support","low","none","see Audit Report","retain","phase-2","pos-tauri-core"
"pos-tauri\src\renderer\components\tables\index.ts","support","low","none","see Audit Report","retain","phase-2","pos-tauri-core"
"pos-tauri\src\renderer\components\tables\ReservationForm.tsx","support","low","none","see Audit Report","retain","phase-2","pos-tauri-core"
"pos-tauri\src\renderer\components\tables\ReservationInfoPanel.tsx","support","low","none","see Audit Report","retain","phase-2","pos-tauri-core"
"pos-tauri\src\renderer\components\tables\TableActionModal.tsx","support","low","none","see Audit Report","retain","phase-2","pos-tauri-core"
"pos-tauri\src\renderer\components\tables\TablesDashboard.tsx","support","low","none","see Audit Report","retain","phase-2","pos-tauri-core"
"pos-tauri\src\renderer\components\tables\TableSelector.tsx","support","low","none","see Audit Report","retain","phase-2","pos-tauri-core"
"pos-tauri\src\renderer\components\TerminalTypeIndicator.tsx","support","low","none","see Audit Report","retain","phase-2","pos-tauri-core"
"pos-tauri\src\renderer\components\ThemeSwitcher.tsx","support","low","none","see Audit Report","retain","phase-2","pos-tauri-core"
"pos-tauri\src\renderer\components\ThemeToggle.tsx","support","low","none","see Audit Report","retain","phase-2","pos-tauri-core"
"pos-tauri\src\renderer\components\ui\ConfirmDialog.tsx","support","low","none","see Audit Report","retain","phase-2","pos-tauri-core"
"pos-tauri\src\renderer\components\ui\ContentContainer.tsx","support","low","none","see Audit Report","retain","phase-2","pos-tauri-core"
"pos-tauri\src\renderer\components\ui\ErrorAlert.tsx","support","low","none","see Audit Report","retain","phase-2","pos-tauri-core"
"pos-tauri\src\renderer\components\ui\FadeInAnimation.tsx","support","low","none","see Audit Report","retain","phase-2","pos-tauri-core"
"pos-tauri\src\renderer\components\ui\FloatingActionButton.tsx","support","low","none","see Audit Report","retain","phase-2","pos-tauri-core"
"pos-tauri\src\renderer\components\ui\LoadingSpinner.tsx","support","low","none","see Audit Report","retain","phase-2","pos-tauri-core"
"pos-tauri\src\renderer\components\ui\OptimizedImg.tsx","support","low","none","see Audit Report","retain","phase-2","pos-tauri-core"
"pos-tauri\src\renderer\components\ui\pos-glass-components.tsx","support","low","none","see Audit Report","retain","phase-2","pos-tauri-core"
"pos-tauri\src\renderer\components\ui\POSGlassTooltip.tsx","support","low","none","see Audit Report","retain","phase-2","pos-tauri-core"
"pos-tauri\src\renderer\components\ui\ProgressStepper.tsx","support","low","none","see Audit Report","retain","phase-2","pos-tauri-core"
"pos-tauri\src\renderer\components\ui\PulseAnimation.tsx","support","low","none","see Audit Report","retain","phase-2","pos-tauri-core"
"pos-tauri\src\renderer\components\ui\SkeletonLoader.tsx","support","low","none","see Audit Report","retain","phase-2","pos-tauri-core"
"pos-tauri\src\renderer\components\ui\VarianceBadge.tsx","support","low","none","see Audit Report","retain","phase-2","pos-tauri-core"
"pos-tauri\src\renderer\components\UpdateDialog.tsx","support","low","none","see Audit Report","retain","phase-2","pos-tauri-core"
"pos-tauri\src\renderer\components\updates\UpdateNotification.tsx","support","low","none","see Audit Report","retain","phase-2","pos-tauri-core"
"pos-tauri\src\renderer\components\updates\UpdateProgressModal.tsx","support","low","none","see Audit Report","retain","phase-2","pos-tauri-core"
"pos-tauri\src\renderer\components\updates\UpdateReadyModal.tsx","support","low","none","see Audit Report","retain","phase-2","pos-tauri-core"
"pos-tauri\src\renderer\components\updates\UpdateToast.tsx","support","low","none","see Audit Report","retain","phase-2","pos-tauri-core"
"pos-tauri\src\renderer\contexts\barcode-scanner-context.tsx","support","low","none","see Audit Report","retain","phase-2","pos-tauri-core"
"pos-tauri\src\renderer\contexts\i18n-context.tsx","support","low","none","see Audit Report","retain","phase-2","pos-tauri-core"
"pos-tauri\src\renderer\contexts\module-context.tsx","support","low","none","see Audit Report","retain","phase-2","pos-tauri-core"
"pos-tauri\src\renderer\contexts\navigation-context.tsx","support","low","none","see Audit Report","retain","phase-2","pos-tauri-core"
"pos-tauri\src\renderer\contexts\shift-context.tsx","support","low","none","see Audit Report","retain","phase-2","pos-tauri-core"
"pos-tauri\src\renderer\contexts\theme-context.tsx","support","low","none","see Audit Report","retain","phase-2","pos-tauri-core"
"pos-tauri\src\renderer\hooks\useAcquiredModules.ts","support","low","none","see Audit Report","retain","phase-2","pos-tauri-core"
"pos-tauri\src\renderer\hooks\useActiveDrivers.ts","support","low","none","see Audit Report","retain","phase-2","pos-tauri-core"
"pos-tauri\src\renderer\hooks\useAppEvents.ts","support","low","none","see Audit Report","retain","phase-2","pos-tauri-core"
"pos-tauri\src\renderer\hooks\useAppointments.ts","support","low","none","see Audit Report","retain","phase-2","pos-tauri-core"
"pos-tauri\src\renderer\hooks\useAutoUpdater.ts","support","low","none","see Audit Report","retain","phase-2","pos-tauri-core"
"pos-tauri\src\renderer\hooks\useBarcodeScanner.ts","support","low","none","see Audit Report","retain","phase-2","pos-tauri-core"
"pos-tauri\src\renderer\hooks\useBranchMenu.ts","support","low","none","see Audit Report","retain","phase-2","pos-tauri-core"
"pos-tauri\src\renderer\hooks\useCustomerLookup.ts","support","low","none","see Audit Report","retain","phase-2","pos-tauri-core"
"pos-tauri\src\renderer\hooks\useDeliveryValidation.ts","support","low","none","see Audit Report","retain","phase-2","pos-tauri-core"
"pos-tauri\src\renderer\hooks\useDiscountSettings.ts","support","low","none","see Audit Report","retain","phase-2","pos-tauri-core"
"pos-tauri\src\renderer\hooks\useDriveThru.ts","support","low","none","see Audit Report","retain","phase-2","pos-tauri-core"
"pos-tauri\src\renderer\hooks\useErrorHandler.ts","support","low","none","see Audit Report","retain","phase-2","pos-tauri-core"
"pos-tauri\src\renderer\hooks\useFeaturedItems.ts","support","low","none","see Audit Report","retain","phase-2","pos-tauri-core"
"pos-tauri\src\renderer\hooks\useFeatures.ts","support","low","none","see Audit Report","retain","phase-2","pos-tauri-core"
"pos-tauri\src\renderer\hooks\useKeyboardShortcut.ts","support","low","none","see Audit Report","retain","phase-2","pos-tauri-core"
"pos-tauri\src\renderer\hooks\useMenuVersionPolling.ts","support","medium","renderer_menu_polling_removed","replaced renderer admin API polling with native `menu:version-checked` event consumption and optional manual `menu:sync` trigger","refactor","phase-5","pos-tauri-core"
"pos-tauri\src\renderer\hooks\useOrderFlow.ts","support","low","none","see Audit Report","retain","phase-2","pos-tauri-core"
"pos-tauri\src\renderer\hooks\useOrderStore.ts","support","low","none","see Audit Report","retain","phase-2","pos-tauri-core"
"pos-tauri\src\renderer\hooks\useProductCatalog.ts","support","low","none","see Audit Report","retain","phase-2","pos-tauri-core"
"pos-tauri\src\renderer\hooks\useRealTimeMenuSync.ts","support","low","none","see Audit Report","retain","phase-2","pos-tauri-core"
"pos-tauri\src\renderer\hooks\useReservations.ts","support","low","none","see Audit Report","retain","phase-2","pos-tauri-core"
"pos-tauri\src\renderer\hooks\useRooms.ts","support","low","none","see Audit Report","retain","phase-2","pos-tauri-core"
"pos-tauri\src\renderer\hooks\useScheduledShifts.ts","support","low","none","see Audit Report","retain","phase-2","pos-tauri-core"
"pos-tauri\src\renderer\hooks\useServices.ts","support","low","none","see Audit Report","retain","phase-2","pos-tauri-core"
"pos-tauri\src\renderer\hooks\useTables.ts","support","low","none","see Audit Report","retain","phase-2","pos-tauri-core"
"pos-tauri\src\renderer\hooks\useTerminalSettings.ts","support","low","none","see Audit Report","retain","phase-2","pos-tauri-core"
"pos-tauri\src\renderer\hooks\useWindowState.ts","support","low","none","see Audit Report","retain","phase-2","pos-tauri-core"
"pos-tauri\src\renderer\index.tsx","support","low","none","see Audit Report","retain","phase-2","pos-tauri-core"
"pos-tauri\src\renderer\lib\i18n.ts","support","low","none","see Audit Report","retain","phase-2","pos-tauri-core"
"pos-tauri\src\renderer\lib\supabase.ts","support","low","none","see Audit Report","retain","phase-2","pos-tauri-core"
"pos-tauri\src\renderer\pages\AboutPage.tsx","support","low","none","see Audit Report","retain","phase-2","pos-tauri-core"
"pos-tauri\src\renderer\pages\AnalyticsPage.tsx","support","low","none","see Audit Report","retain","phase-2","pos-tauri-core"
"pos-tauri\src\renderer\pages\CouponsPage.tsx","support","low","none","see Audit Report","retain","phase-2","pos-tauri-core"
"pos-tauri\src\renderer\pages\DeliveryPage.tsx","support","low","none","see Audit Report","retain","phase-2","pos-tauri-core"
"pos-tauri\src\renderer\pages\DeliveryValidationTestPage.tsx","support","low","none","see Audit Report","retain","phase-2","pos-tauri-core"
"pos-tauri\src\renderer\pages\DeliveryZonesPage.tsx","support","low","none","see Audit Report","retain","phase-2","pos-tauri-core"
"pos-tauri\src\renderer\pages\IntegrationsPage.tsx","support","low","none","see Audit Report","retain","phase-2","pos-tauri-core"
"pos-tauri\src\renderer\pages\InventoryPage.tsx","support","low","none","see Audit Report","retain","phase-2","pos-tauri-core"
"pos-tauri\src\renderer\pages\KioskManagementPage.tsx","support","low","none","see Audit Report","retain","phase-2","pos-tauri-core"
"pos-tauri\src\renderer\pages\KitchenDisplayPage.tsx","support","low","none","see Audit Report","retain","phase-2","pos-tauri-core"
"pos-tauri\\src\\renderer\\pages\\LoginPage.tsx","renderer","medium","legacy_pin_compat","see Audit Report","refactor","phase-1","pos-tauri-core"
"pos-tauri\src\renderer\pages\LoyaltyPage.tsx","support","low","none","see Audit Report","retain","phase-2","pos-tauri-core"
"pos-tauri\src\renderer\pages\MenuManagementPage.tsx","support","low","none","see Audit Report","retain","phase-2","pos-tauri-core"
"pos-tauri\src\renderer\pages\MenuPage.tsx","support","low","none","see Audit Report","retain","phase-2","pos-tauri-core"
"pos-tauri\src\renderer\pages\NewOrderPage.tsx","support","low","none","see Audit Report","retain","phase-2","pos-tauri-core"
"pos-tauri\src\renderer\pages\OnboardingPage.tsx","support","low","none","see Audit Report","retain","phase-2","pos-tauri-core"
"pos-tauri\src\renderer\pages\OrdersPage.tsx","support","low","none","see Audit Report","retain","phase-2","pos-tauri-core"
"pos-tauri\src\renderer\pages\PaymentTerminalsPage.tsx","support","low","none","see Audit Report","retain","phase-2","pos-tauri-core"
"pos-tauri\src\renderer\pages\ReportsPage.tsx","support","low","none","see Audit Report","retain","phase-2","pos-tauri-core"
"pos-tauri\src\renderer\pages\SuppliersPage.tsx","support","low","none","see Audit Report","retain","phase-2","pos-tauri-core"
"pos-tauri\src\renderer\pages\SystemHealthPage.tsx","support","low","renderer_shell_plugin_removed","replaced renderer plugin-shell folder-open with native diagnostics command bridge call","refactor","phase-5","pos-tauri-core"
"pos-tauri\src\renderer\pages\TablesPage.tsx","support","low","none","see Audit Report","retain","phase-2","pos-tauri-core"
"pos-tauri\src\renderer\pages\UsersPage.tsx","support","low","none","see Audit Report","retain","phase-2","pos-tauri-core"
"pos-tauri\src\renderer\pages\verticals\fast-food\DeliveryView.tsx","support","low","none","see Audit Report","retain","phase-2","pos-tauri-core"
"pos-tauri\src\renderer\pages\verticals\fast-food\DriveThruView.tsx","support","low","none","see Audit Report","retain","phase-2","pos-tauri-core"
"pos-tauri\src\renderer\pages\verticals\hotel\GuestBillingView.tsx","support","low","none","see Audit Report","retain","phase-2","pos-tauri-core"
"pos-tauri\src\renderer\pages\verticals\hotel\HousekeepingView.tsx","support","low","none","see Audit Report","retain","phase-2","pos-tauri-core"
"pos-tauri\src\renderer\pages\verticals\hotel\RoomsView.tsx","support","low","none","see Audit Report","retain","phase-2","pos-tauri-core"
"pos-tauri\src\renderer\pages\verticals\index.ts","support","low","none","see Audit Report","retain","phase-2","pos-tauri-core"
"pos-tauri\src\renderer\pages\verticals\restaurant\ReservationsView.tsx","support","low","none","see Audit Report","retain","phase-2","pos-tauri-core"
"pos-tauri\src\renderer\pages\verticals\restaurant\TablesView.tsx","support","low","none","see Audit Report","retain","phase-2","pos-tauri-core"
"pos-tauri\src\renderer\pages\verticals\retail\ProductCatalogView.tsx","support","low","none","see Audit Report","retain","phase-2","pos-tauri-core"
"pos-tauri\src\renderer\pages\verticals\salon\AppointmentsView.tsx","support","low","none","see Audit Report","retain","phase-2","pos-tauri-core"
"pos-tauri\src\renderer\pages\verticals\salon\ServiceCatalogView.tsx","support","low","none","see Audit Report","retain","phase-2","pos-tauri-core"
"pos-tauri\src\renderer\pages\verticals\salon\StaffScheduleView.tsx","support","low","none","see Audit Report","retain","phase-2","pos-tauri-core"
"pos-tauri\src\renderer\polyfills.ts","support","low","none","see Audit Report","retain","phase-2","pos-tauri-core"
"pos-tauri\src\renderer\services\ActivityTracker.ts","support","low","none","see Audit Report","retain","phase-2","pos-tauri-core"
"pos-tauri\src\renderer\services\AppointmentsService.ts","support","low","none","see Audit Report","retain","phase-2","pos-tauri-core"
"pos-tauri\src\renderer\services\CustomerService.ts","support","low","none","see Audit Report","retain","phase-2","pos-tauri-core"
"pos-tauri\src\renderer\services\DriveThruService.ts","support","low","none","see Audit Report","retain","phase-2","pos-tauri-core"
"pos-tauri\src\renderer\services\index.ts","support","low","none","see Audit Report","retain","phase-2","pos-tauri-core"
"pos-tauri\src\renderer\services\MenuService.ts","support","low","none","see Audit Report","retain","phase-2","pos-tauri-core"
"pos-tauri\src\renderer\services\ProductCatalogService.ts","support","low","none","see Audit Report","retain","phase-2","pos-tauri-core"
"pos-tauri\src\renderer\services\PromotionsService.ts","support","low","none","see Audit Report","retain","phase-2","pos-tauri-core"
"pos-tauri\src\renderer\services\ReservationsService.ts","support","low","none","see Audit Report","retain","phase-2","pos-tauri-core"
"pos-tauri\src\renderer\services\RoomsService.ts","support","low","none","see Audit Report","retain","phase-2","pos-tauri-core"
"pos-tauri\src\renderer\services\ScreenCaptureHandler.ts","support","low","none","see Audit Report","retain","phase-2","pos-tauri-core"
"pos-tauri\src\renderer\services\ServicesService.ts","support","low","none","see Audit Report","retain","phase-2","pos-tauri-core"
"pos-tauri\src\renderer\services\SubscriptionManager.ts","support","low","none","see Audit Report","retain","phase-2","pos-tauri-core"
"pos-tauri\src\renderer\services\terminal-credentials.ts","support","low","none","see Audit Report","retain","phase-2","pos-tauri-core"
"pos-tauri\src\renderer\styles\designSystem.ts","support","low","none","see Audit Report","retain","phase-2","pos-tauri-core"
"pos-tauri\src\renderer\styles\glassmorphism.css","support","low","none","see Audit Report","retain","phase-2","pos-tauri-core"
"pos-tauri\src\renderer\styles\globals.css","support","low","none","see Audit Report","retain","phase-2","pos-tauri-core"
"pos-tauri\src\renderer\types\assets.d.ts","support","low","none","see Audit Report","retain","phase-2","pos-tauri-core"
"pos-tauri\src\renderer\types\auth.ts","support","low","none","see Audit Report","retain","phase-2","pos-tauri-core"
"pos-tauri\src\renderer\types\customer.ts","support","low","none","see Audit Report","retain","phase-2","pos-tauri-core"
"pos-tauri\src\renderer\types\database.ts","support","low","none","see Audit Report","retain","phase-2","pos-tauri-core"
"pos-tauri\src\renderer\types\electron.d.ts","support","low","none","see Audit Report","retain","phase-2","pos-tauri-core"
"pos-tauri\src\renderer\types\global.d.ts","support","low","none","see Audit Report","retain","phase-2","pos-tauri-core"
"pos-tauri\src\renderer\types\index.ts","support","low","none","see Audit Report","retain","phase-2","pos-tauri-core"
"pos-tauri\src\renderer\types\orders.ts","support","low","none","see Audit Report","retain","phase-2","pos-tauri-core"
"pos-tauri\src\renderer\types\reports.ts","support","low","none","see Audit Report","retain","phase-2","pos-tauri-core"
"pos-tauri\src\renderer\types\shift.ts","support","low","none","see Audit Report","retain","phase-2","pos-tauri-core"
"pos-tauri\src\renderer\types\tables.ts","support","low","none","see Audit Report","retain","phase-2","pos-tauri-core"
"pos-tauri\src\renderer\utils\api-helpers.ts","support","low","none","see Audit Report","retain","phase-2","pos-tauri-core"
"pos-tauri\src\renderer\utils\cn.ts","support","low","none","see Audit Report","retain","phase-2","pos-tauri-core"
"pos-tauri\src\renderer\utils\electron-api.ts","support","low","none","see Audit Report","retain","phase-2","pos-tauri-core"
"pos-tauri\src\renderer\utils\format.ts","support","low","none","see Audit Report","retain","phase-2","pos-tauri-core"
"pos-tauri\src\renderer\utils\orderNumberUtils.ts","support","low","none","see Audit Report","retain","phase-2","pos-tauri-core"
"pos-tauri\src\renderer\utils\orderStatus.ts","support","low","none","see Audit Report","retain","phase-2","pos-tauri-core"
"pos-tauri\src\renderer\utils\plugin-icons.tsx","support","low","none","see Audit Report","retain","phase-2","pos-tauri-core"
"pos-tauri\src\renderer\utils\pricing.ts","support","low","none","see Audit Report","retain","phase-2","pos-tauri-core"
"pos-tauri\src\renderer\utils\promotions.ts","support","low","none","see Audit Report","retain","phase-2","pos-tauri-core"
"pos-tauri\src\renderer\utils\reportExport.ts","support","low","none","see Audit Report","retain","phase-2","pos-tauri-core"
"pos-tauri\src\renderer\utils\reservationUtils.ts","support","low","none","see Audit Report","retain","phase-2","pos-tauri-core"
"pos-tauri\src\renderer\utils\session-utils.ts","support","low","none","see Audit Report","retain","phase-2","pos-tauri-core"
"pos-tauri\src\renderer\utils\web-bluetooth-printer-discovery.ts","support","low","none","see Audit Report","retain","phase-2","pos-tauri-core"
"pos-tauri\src\repo-shared\types\table-status.ts","support","low","none","see Audit Report","retain","phase-2","pos-tauri-core"
"pos-tauri\src\services\BranchMenuFilterService.ts","support","low","none","see Audit Report","retain","phase-2","pos-tauri-core"
"pos-tauri\src\services\DeliveryZoneValidator.ts","support","low","none","see Audit Report","retain","phase-2","pos-tauri-core"
"pos-tauri\\src\\services\\OrderService.ts","service","high","local_storage_identity","see Audit Report","refactor","phase-1","pos-tauri-core"
"pos-tauri\src\services\printer-service.ts","decommissioned","low","dead_node_runtime_path","unused Node-era printer runtime removed in native-only cutover","delete","phase-8","pos-tauri-core"
"pos-tauri\src\services\RealtimeCustomerHandler.ts","support","low","electron_runtime_dead_code","deleted during migration cleanup","delete","phase-5","pos-tauri-core"
"pos-tauri\src\services\RealtimeOrderHandler.ts","support","low","electron_runtime_dead_code","deleted during migration cleanup","delete","phase-5","pos-tauri-core"
"pos-tauri\src\services\types\electron-api.d.ts","support","low","none","see Audit Report","retain","phase-2","pos-tauri-core"
"pos-tauri\src\services\types\node-thermal-printer.d.ts","support","low","none","see Audit Report","retain","phase-2","pos-tauri-core"
"pos-tauri\src\shared\constants.ts","support","low","none","see Audit Report","retain","phase-2","pos-tauri-core"
"pos-tauri\src\shared\constants\index.ts","support","low","none","see Audit Report","retain","phase-2","pos-tauri-core"
"pos-tauri\src\shared\constants\pos-modules.ts","support","low","none","see Audit Report","retain","phase-2","pos-tauri-core"
"pos-tauri\src\shared\feature-mapping.ts","support","low","none","see Audit Report","retain","phase-2","pos-tauri-core"
"pos-tauri\src\shared\index.ts","support","low","none","see Audit Report","retain","phase-2","pos-tauri-core"
"pos-tauri\src\shared\services\CustomerSyncService.ts","support","low","none","see Audit Report","retain","phase-2","pos-tauri-core"
"pos-tauri\src\shared\services\DeliveryValidationService.ts","support","low","none","see Audit Report","retain","phase-2","pos-tauri-core"
"pos-tauri\src\shared\services\ErrorHandlingService.ts","support","low","none","see Audit Report","retain","phase-2","pos-tauri-core"
"pos-tauri\src\shared\services\moduleRegistry.ts","support","low","none","see Audit Report","retain","phase-2","pos-tauri-core"
"pos-tauri\src\shared\services\ModuleService.ts","support","low","none","see Audit Report","retain","phase-2","pos-tauri-core"
"pos-tauri\src\shared\services\PricingService.ts","support","low","none","see Audit Report","retain","phase-2","pos-tauri-core"
"pos-tauri\src\shared\services\upsellUrlService.ts","support","low","none","see Audit Report","retain","phase-2","pos-tauri-core"
"pos-tauri\\src\\shared\\supabase-config.ts","shared","critical","credential_exposure","see Audit Report","refactor","phase-1","pos-tauri-core"
"pos-tauri\src\shared\supabase.ts","support","low","none","see Audit Report","retain","phase-2","pos-tauri-core"
"pos-tauri\src\shared\types\auth.ts","support","low","none","see Audit Report","retain","phase-2","pos-tauri-core"
"pos-tauri\src\shared\types\combo.ts","support","low","none","see Audit Report","retain","phase-2","pos-tauri-core"
"pos-tauri\src\shared\types\common.ts","support","low","none","see Audit Report","retain","phase-2","pos-tauri-core"
"pos-tauri\src\shared\types\customer-sync.ts","support","low","none","see Audit Report","retain","phase-2","pos-tauri-core"
"pos-tauri\src\shared\types\customer.ts","support","low","none","see Audit Report","retain","phase-2","pos-tauri-core"
"pos-tauri\src\shared\types\database.ts","support","low","none","see Audit Report","retain","phase-2","pos-tauri-core"
"pos-tauri\src\shared\types\delivery-validation.ts","support","low","none","see Audit Report","retain","phase-2","pos-tauri-core"
"pos-tauri\src\shared\types\features.ts","support","low","none","see Audit Report","retain","phase-2","pos-tauri-core"
"pos-tauri\src\shared\types\index.ts","support","low","none","see Audit Report","retain","phase-2","pos-tauri-core"
"pos-tauri\src\shared\types\menu.ts","support","low","none","see Audit Report","retain","phase-2","pos-tauri-core"
"pos-tauri\src\shared\types\modules.ts","support","low","none","see Audit Report","retain","phase-2","pos-tauri-core"
"pos-tauri\src\shared\types\order-status.ts","support","low","none","see Audit Report","retain","phase-2","pos-tauri-core"
"pos-tauri\src\shared\types\orders.ts","support","low","none","see Audit Report","retain","phase-2","pos-tauri-core"
"pos-tauri\src\shared\types\organization.ts","support","low","none","see Audit Report","retain","phase-2","pos-tauri-core"
"pos-tauri\src\shared\types\product.ts","support","low","none","see Audit Report","retain","phase-2","pos-tauri-core"
"pos-tauri\src\shared\types\upsell.ts","support","low","none","see Audit Report","retain","phase-2","pos-tauri-core"
"pos-tauri\src\shared\utils\debug-logger.ts","support","low","none","see Audit Report","retain","phase-2","pos-tauri-core"
"pos-tauri\src\shared\utils\error-handler.ts","support","low","none","see Audit Report","retain","phase-2","pos-tauri-core"
"pos-tauri\src\types\electron.d.ts","support","low","none","see Audit Report","retain","phase-2","pos-tauri-core"
"pos-tauri\SUPPORT.md","support","low","none","see Audit Report","retain","phase-2","pos-tauri-core"
"pos-tauri\tailwind.config.js","support","low","none","see Audit Report","retain","phase-2","pos-tauri-core"
"pos-tauri\tsconfig.json","support","low","none","see Audit Report","retain","phase-2","pos-tauri-core"
"pos-tauri\tsconfig.node.json","support","low","none","see Audit Report","retain","phase-2","pos-tauri-core"
"pos-tauri\updater.key.pub","support","low","none","see Audit Report","retain","phase-2","pos-tauri-core"
"pos-tauri\vite.config.ts","support","low","none","see Audit Report","retain","phase-2","pos-tauri-core"

